<?xml version="1.0" encoding="utf-8"?>
<root layoutId = "index-item3">
    <!--该布局为有一个大标题和一张大图样式布局-->
    <linearlayout id = "content" width = "-1" height = "-2" background = "#ffffff"
                  onClick = "onItemClick" padding= "20 7">
        <text id = "title" width = "-1" height = "-2" text="${title}" textSize = "16"
                textColor = "#000000"  margin="0 0 0 10"/>
        <img id = "newsPic" width="-2" height="${per}" src="${picPath}" />
        <relativelayout width = "-1" height = "-2" gravity = "centerY" margin="0 10 0 0">
            <img id = "mark" width = "-2" height = "-2" src = "${markImg}" visible ="${markVisible}"
                float = "left|centerY"/>
            <text id = "sourceType" width = "-2" height = "-2" text="${source}" textSize = "10"
                  textColor = "#999999" relation = "rightOf,mark" margin = "10 0 0 0"
                  float = "centerY"/>
            <text id = "comment" width = "-2" height = "-2" text="${comment}" textSize = "10"
                  textColor = "#999999" relation = "rightOf,sourceType"  margin = "10 0 0 0"
                  float = "centerY"/>
            <text id = "time" width = "-2" height = "-2" text="${time}" textSize = "10"
                  textColor = "#999999" relation = "rightOf,comment"  margin = "10 0 0 0"
                  float = "centerY"/>
            <img id = "delete" width = "-2" height = "-2" src = "res://img/del.png"
                 float = "right|centerY" onClick = "onDeleteClick"/>
        </relativelayout>
        <text width = "-1" height = "1" background = "#EFEFEF" margin="0 10 0 0"/>
    </linearlayout>
</root>