<?xml version="1.0" encoding="utf-8"?>
<root layoutId = "me00">
    <linearlayout width="-1" height="-2" orientation="vertical" background="#F4F5F7">
        <linearlayout id = "content" width = "-1" gravity = "centerY"
                      height = "${per0}" background = "#CDCDCD">
            <!-- <linearlayout orientation="horizontal" width="-1" height="-2" padding = "10 50 10 0">
                <img id = "phone" width = "-2" height = "60" src = "res://img/phone.png"
                    weight = "1" scale = "1" margin = "7" gravity = "centerY"/>
                <img id = "weixin" width = "-2" height = "60" src = "res://img/weixin.png"
                     weight = "1" scale = "1" margin = "7" gravity = "centerY"/>
                <img id = "qq" width = "-2" height = "60" src = "res://img/qq.png"
                     weight = "1" scale = "1" margin = "7" gravity = "centerY"/>
                <img id = "sina" width = "-2" height = "60" src = "res://img/sina.png"
                     weight = "1" scale = "1" margin = "7" gravity = "centerY"/>
            </linearlayout> -->
             <linearlayout orientation="horizontal" width="-1" height="-2" padding = "10 60 10 0">
                <linearlayout weight="1" width="-1" height="-2" gravity = "centerX">
                    <img id = "phone" width = "${per1}" height = "${per2}" src = "res://img/phone.png"
                        scale = "1" margin = "8"/>
                 </linearlayout>
                <linearlayout weight="1" width="-1" height="-2" gravity = "centerX">
                    <img id = "weixin" width = "${per3}" height = "${per4}" src = "res://img/weixin.png"
                          scale = "1" margin = "8"/>
                   </linearlayout>
                <linearlayout weight="1" width="-1" height="-2" gravity = "centerX">
                    <img id = "qq" width = "${per5}" height = "${per6}" src = "res://img/qq.png"
                          scale = "1" margin = "8"/>
                </linearlayout>
                <linearlayout weight="1" width="-1" height="-2" gravity = "centerX">
                    <img id = "sina" width = "${per7}" height = "${per8}" src = "res://img/sina.png"
                          scale = "1" margin = "8"/>
                </linearlayout>
            </linearlayout>
            <linearlayout width = "-1" height="-2" gravity="centerX" margin="0 0 0 50">
                <linearlayout width="-2" height="35" gravity="top" orientation="horizontal"
                                background="#B4B4B4" padding = "10">
                    <text id = "more" width = "-2" height = "-1" text="更多登录方式"
                          textSize = "14" textColor = "#ffffff"/>
                    <img width = "-2" height = "-2" src = "res://img/angle_right1.png"
                         margin="5 0 0 0"/>
                </linearlayout>
            </linearlayout>
        </linearlayout>
        <linearlayout orientation="horizontal" background="#ffffff" width="-1" height="70"
            gravity="centerY">
            <relativelayout width="-2" height="-1" weight = "1">
                <linearlayout width="-2" height="-2" float = "center" gravity="centerX">
                    <img width = "25" height = "25" src = "res://img/star.png"
                         margin="0 0 0 5"/>
                    <text id = "more" width = "-2" height = "-2" text="收藏"
                          textSize = "12" textColor = "#000000"/>
                </linearlayout>
                <text width = "1" height = "-1" background = "#EEEEEE" float = "right"/>
            </relativelayout>
            <relativelayout width="-2" height="-1" weight = "1">
                <linearlayout width="-2" height="-2" float = "center" gravity="centerX">
                    <img width = "25" height = "25" src = "res://img/night.png"
                         margin="0 0 0 5"/>
                    <text id = "more" width = "-2" height = "-2" text="夜间"
                          textSize = "12" textColor = "#000000"/>
                </linearlayout>
                <text width = "1" height = "-1" background = "#EEEEEE" float = "right"/>
            </relativelayout>
            <linearlayout width="-2" height="-2" weight = "1" gravity="centerX">
                <img width = "25" height = "25" src = "res://img/setting.png"
                     margin="0 0 0 5"/>
                <text id = "more" width = "-2" height = "-2" text="设置"
                      textSize = "12" textColor = "#000000"/>
            </linearlayout>
        </linearlayout>
        <linearlayout width="-1" height="${per}" orientation="horizontal" padding="15 0 0 0"
            gravity="centerY" background="#ffffff" margin = "0 10">
            <text width = "-2" height = "-2" text="好友状态" 
                  textSize = "16" textColor = "#000000" gravity="left"/>
            <img width = "30" height = "-2" src = "res://img/angle_right.png"
                 margin="20 0" gravity="right"/>
        </linearlayout>
    </linearlayout>
</root>